ra_game_id,title,category,achievements,ra_hashes,status,local_roms,local_releases,dat_entries,dat_games,nointro_db_files,nointro_db_titles,local_sources,other_platform_db
3263,Golvellius,Official,27,2,local,2,Golvellius (Japan),1,Golvellius (Japan),0,,"nointro,retroachievements",
3272,King's Valley,Official,22,1,local,1,"King's Valley (Japan, Europe) (En)",1,"King's Valley (Japan, Europe) (En)",0,,"nointro,retroachievements",
4016,M36: A Life Planet,Official,37,2,local,1,M36 - A Life Planet (Japan),1,M36 - A Life Planet (Japan),0,,nointro,
4025,Penguin Adventure,Official,53,1,local,1,"Penguin Adventure (Japan, Europe) (En)",1,"Penguin Adventure (Japan, Europe) (En)",0,,"nointro,retroachievements",
4026,Otenba Becky no Daibouken,Official,9,2,local,2,Becky (Japan),1,Becky (Japan),0,,"nointro,retroachievements",
10488,Gojira-Kun,Official,20,1,local,1,Gojira-kun (Japan),1,Gojira-kun (Japan),0,,nointro,
10492,Knightmare II: The Maze of Galious,Official,84,1,local,1,Knightmare II - The Maze of Galious (Japan),1,Knightmare II - The Maze of Galious (Japan),0,,"nointro,retroachievements",
10498,Nemesis 2,Official,31,1,local,1,"Gradius 2 (Japan, Europe) (En) (Wii U Virtual Console)",1,"Gradius 2 (Japan, Europe) (En) (Wii U Virtual Console)",0,,"nointro,retroachievements",
10507,Knightmare,Official,25,1,local,1,Knightmare - Majou Densetsu (Japan) (Wii U Virtual Console),1,Knightmare - Majou Densetsu (Japan) (Wii U Virtual Console),0,,"nointro,retroachievements",
11067,Monopoly,Official,24,1,local,1,,0,,0,,retroachievements,
16395,~Homebrew~ Picture Puzzle (Karoshi),Homebrew,9,1,local,1,,0,,0,,retroachievements,
16396,Picture Puzzle (HAL Laboratory),Official,7,2,local,2,"Picture Puzzle (Japan),Picture Puzzle (Japan) (Alt)",2,"Picture Puzzle (Japan),Picture Puzzle (Japan) (Alt)",0,,"nointro,retroachievements",
16399,Dragon Quest,Official,43,1,local,1,Dragon Quest (Japan),1,Dragon Quest (Japan),0,,"nointro,retroachievements",
16506,~Homebrew~ Sudoku,Homebrew,10,1,local,1,,0,,0,,retroachievements,
16530,Zoom 909,Official,15,1,local,1,Zoom 909 (Japan),1,Zoom 909 (Japan),0,,"nointro,retroachievements",
17024,~Homebrew~ ~Prototype~ Super Mario World,Homebrew/Prototype,13,1,local,1,,0,,0,,retroachievements,
17069,Oh Shit!,Official,17,1,local,1,,0,,0,,retroachievements,
17324,Mappy,Official,16,3,local,3,"Mappy (Japan),Mappy (Japan) (Alt),Mappy (Japan) (Alt 2)",3,"Mappy (Japan),Mappy (Japan) (Alt),Mappy (Japan) (Alt 2)",0,,"nointro,retroachievements",
17726,Choro Q,Official,12,1,local,1,Choro Q (Japan),1,Choro Q (Japan),0,,"nointro,retroachievements",
17735,Bomber Man,Official,25,1,local,1,Bomberman (Japan),1,Bomberman (Japan),0,,"nointro,retroachievements",
18099,Antarctic Adventure,Official,13,2,local,2,Kekkyoku Nankyoku Dai Bouken (Japan) (Wii U Virtual Console),1,Kekkyoku Nankyoku Dai Bouken (Japan) (Wii U Virtual Console),0,,"nointro,retroachievements",
18595,~Homebrew~ Westen House,Homebrew,16,3,local,3,"Westen House (World) (v1.3.1) (Aftermarket) (Unl),Westen House (World) (Es) (v1.3.1) (Aftermarket) (Unl),Westen House (World) (Pt) (v1.3.1) (Aftermarket) (Unl)",3,"Westen House (World) (v1.3.1) (Aftermarket) (Unl),Westen House (World) (Es) (v1.3.1) (Aftermarket) (Unl),Westen House (World) (Pt) (v1.3.1) (Aftermarket) (Unl)",0,,"nointro,retroachievements",
18832,~Homebrew~ PAC-01,Homebrew,19,1,local,1,,0,,0,,retroachievements,
19726,~Homebrew~ Flappy Bird for MSX,Homebrew,10,1,local,1,,0,,0,,retroachievements,
20240,~Homebrew~ Pornoman,Homebrew,10,1,local,1,,0,,0,,retroachievements,
20355,Hyper Sports 1,Official,12,1,local,1,Hyper Sports 1 (Japan),1,Hyper Sports 1 (Japan),0,,"nointro,retroachievements",
20358,Konami's Golf,Official,13,1,local,1,Konami's Golf (Japan),1,Konami's Golf (Japan),0,,"nointro,retroachievements",
22026,Aliens: Alien 2,Official,14,3,local,3,"Aliens - Alien 2 (Japan),Aliens - Alien 2 (Japan) (Alt),Aliens - Alien 2 (Japan) (Alt 2)",3,"Aliens - Alien 2 (Japan),Aliens - Alien 2 (Japan) (Alt),Aliens - Alien 2 (Japan) (Alt 2)",0,,"nointro,retroachievements",
24166,~Unlicensed~ Super Boy I,Unlicensed,14,1,local,1,Super Boy I (Korea) (Unl),1,Super Boy I (Korea) (Unl),0,,"nointro,retroachievements",
24167,~Unlicensed~ Super Boy II,Unlicensed,15,1,local,1,Super Boy II (Korea) (Unl),1,Super Boy II (Korea) (Unl),0,,"nointro,retroachievements",
24169,~Unlicensed~ Super Boy III,Unlicensed,26,1,local,1,Super Boy 3 (Korea) (Unl),1,Super Boy 3 (Korea) (Unl),0,,"nointro,retroachievements",
25086,Circus Charlie,Official,16,1,local,1,Circus Charlie (Japan) (En) (Wii U Virtual Console),1,Circus Charlie (Japan) (En) (Wii U Virtual Console),0,,"nointro,retroachievements",
25093,Magical Tree,Official,13,1,local,1,Magical Tree (Japan),1,Magical Tree (Japan),0,,"nointro,retroachievements",
25185,The Goonies,Official,31,1,local,1,"Goonies, The (Japan)",1,"Goonies, The (Japan)",0,,"nointro,retroachievements",
25413,~Homebrew~ Deep Dungeon Adventure,Homebrew,17,1,local,1,,0,,0,,retroachievements,
26184,Tank Battalion,Official,14,1,local,1,Tank Battalion (Japan),1,Tank Battalion (Japan),0,,"nointro,retroachievements",
26509,Nuts & Milk,Official,14,1,local,1,,0,,0,,retroachievements,
26625,Pippols,Official,11,1,local,1,Pippols (Japan),1,Pippols (Japan),0,,"nointro,retroachievements",
27466,Athletic Land,Official,7,1,local,1,Athletic Land (Japan),1,Athletic Land (Japan),0,,"nointro,retroachievements",
27468,Hyper Rally,Official,17,1,local,1,Hyper Rally (Japan),1,Hyper Rally (Japan),0,,"nointro,retroachievements",
27469,Konami's Billiards,Official,13,1,local,1,Konami's Billiards (Europe),1,Konami's Billiards (Europe),0,,"nointro,retroachievements",
27470,Konami's Boxing,Official,17,1,local,1,Konami's Boxing (Japan),1,Konami's Boxing (Japan),0,,"nointro,retroachievements",
27472,Konami's Tennis,Official,8,1,local,1,Konami's Tennis (Japan),1,Konami's Tennis (Japan),0,,"nointro,retroachievements",
28047,Gojira vs 3 Daikaijuu,Official,7,2,local,2,"Gojira vs 3 Daikaijuu (Japan),Gojira vs 3 Daikaijuu (Japan) (Alt)",2,"Gojira vs 3 Daikaijuu (Japan),Gojira vs 3 Daikaijuu (Japan) (Alt)",0,,"nointro,retroachievements",
28365,Put Up,Official,36,1,local,1,,0,,0,,retroachievements,
28406,~Homebrew~ Ninja Savior,Homebrew,18,1,local,1,,0,,0,,retroachievements,
29093,~Homebrew~ Relevo's Snowboarding,Homebrew,22,1,local,1,,0,,0,,retroachievements,
29094,~Homebrew~ 10 Lines Princess,Homebrew,14,1,local,1,,0,,0,,retroachievements,
30923,BurgerTime,Official,17,1,local,1,Burgertime (Japan),1,Burgertime (Japan),0,,"nointro,retroachievements",
31520,Bosconian,Official,16,1,local,1,Bosconian (Japan),1,Bosconian (Japan),0,,"nointro,retroachievements",
31894,~Homebrew~ XSpelunker,Homebrew,14,1,local,1,,0,,0,,retroachievements,
32486,Kick It!,Official,9,2,local,2,"Kick It (Japan),Kick It (Japan) (Alt)",2,"Kick It (Japan),Kick It (Japan) (Alt)",0,,"nointro,retroachievements",
33195,The Stone of Wisdom,Official,18,2,local,2,"Stone of Wisdom, The (Japan)",1,"Stone of Wisdom, The (Japan)",0,,"nointro,retroachievements",
33416,Mr. Do's Wild Ride,Official,12,1,local,1,Mr. Do's Wild Ride (Japan),1,Mr. Do's Wild Ride (Japan),0,,"nointro,retroachievements",
33461,The Castle,Official,21,1,local,1,"Castle, The (Japan)",1,"Castle, The (Japan)",0,,"nointro,retroachievements",
33462,Castle Excellent,Official,17,2,local,2,"Castle Excellent (Japan),Castle Excellent (Japan) (Alt)",2,"Castle Excellent (Japan),Castle Excellent (Japan) (Alt)",0,,nointro,
33623,Kinnikuman: Colosseum Deathmatch,Official,9,1,local,1,Kinnikuman - Muscle Man (Japan),1,Kinnikuman - Muscle Man (Japan),0,,"nointro,retroachievements",
33786,~Homebrew~ The Cure,Homebrew,17,1,local,1,,0,,0,,retroachievements,
33788,~Homebrew~ Caos Begins,Homebrew,15,1,local,1,,0,,0,,retroachievements,
33791,~Homebrew~ Teodoro no sabe volar,Homebrew,8,2,local,2,,0,,0,,retroachievements,
33793,~Homebrew~ Pretty Kingdom,Homebrew,10,1,local,1,,0,,0,,retroachievements,
33794,~Homebrew~ Wing Warriors,Homebrew,10,1,local,1,,0,,0,,retroachievements,
33799,~Homebrew~ Pentacorn Quest,Homebrew,10,1,local,1,,0,,0,,retroachievements,
33817,~Homebrew~ Caverns of Titan,Homebrew,7,1,local,1,,0,,0,,retroachievements,
33835,~Homebrew~ Malaika Prehistoric Quest,Homebrew,28,4,local,4,,0,,0,,retroachievements,
33837,~Homebrew~ Traffic Jam,Homebrew,8,1,local,1,,0,,0,,retroachievements,
33856,~Homebrew~ Lotus F3,Homebrew,20,1,local,1,,0,,0,,retroachievements,
33865,~Homebrew~ Binary Battle,Homebrew,22,1,local,1,,0,,0,,retroachievements,
33868,~Homebrew~ BitLogic,Homebrew,9,1,local,1,,0,,0,,retroachievements,
33879,~Homebrew~ Balloon Buster,Homebrew,20,1,local,1,,0,,0,,retroachievements,
33893,~Homebrew~ My Sacred Place,Homebrew,15,1,local,1,,0,,0,,retroachievements,
33895,~Homebrew~ S.o.L.o.,Homebrew,8,2,local,2,,0,,0,,retroachievements,
33900,~Homebrew~ Poppie Land,Homebrew,10,1,local,1,,0,,0,,retroachievements,
33969,1942,Official,15,2,local,2,"1942 (Japan),1942 (Japan) (Alt)",2,"1942 (Japan),1942 (Japan) (Alt)",0,,"nointro,retroachievements",
33981,~Homebrew~ XRacing,Homebrew,17,1,local,1,,0,,0,,retroachievements,
33985,~Homebrew~ Snake and Rhino in the Sketchbook,Homebrew,7,1,local,1,,0,,0,,retroachievements,
34005,~Homebrew~ Tales of Popolon,Homebrew,12,2,local,2,,0,,0,,retroachievements,
34027,Pentagram,Official,15,2,local,2,,0,,0,,retroachievements,
34085,~Homebrew~ Minesweeper,Homebrew,6,1,local,1,,0,,0,,retroachievements,
34169,~Homebrew~ Step,Homebrew,16,1,local,1,,0,,0,,retroachievements,
34326,Fire Rescue,Official,11,1,local,1,Fire Rescue (Japan),1,Fire Rescue (Japan),0,,"nointro,retroachievements",
34391,~Homebrew~ Where Is It: The Quest for the 10th Island,Homebrew,15,1,local,1,,0,,0,,retroachievements,
34402,~Unlicensed~ Dr. Hello,Unlicensed,14,1,local,1,,0,,0,,retroachievements,
34405,~Unlicensed~ Droids en el Planeta Ingo,Unlicensed,6,1,local,1,,0,,0,,retroachievements,
34485,Monkey Academy,Official,19,1,local,1,Monkey Academy (Japan),1,Monkey Academy (Japan),0,,"nointro,retroachievements",
34513,Rise Out from Dungeons,Official,22,1,local,1,Rise Out from Dungeons (Japan),1,Rise Out from Dungeons (Japan),0,,"nointro,retroachievements",
34531,~Homebrew~ Grazers,Homebrew,22,1,local,1,,0,,0,,retroachievements,
34532,~Homebrew~ Find It!,Homebrew,6,1,local,1,,0,,0,,retroachievements,
34533,~Unlicensed~ Wicket el Ewok,Unlicensed,6,1,local,1,,0,,0,,retroachievements,
34535,F-1 Spirit: The Way to Formula-1,Official,35,1,local,1,F-1 Spirit - The Way to Formula-1 (Japan),1,F-1 Spirit - The Way to Formula-1 (Japan),0,,"nointro,retroachievements",
34905,~Homebrew~ Transball,Homebrew,28,2,local,2,,0,,0,,retroachievements,
36319,Q*bert,Official,25,1,local,1,Q-bert (Japan),1,Q-bert (Japan),0,,"nointro,retroachievements",
