zip_name,platform,basis,note
10 Lines Princess (World) (Aftermarket).zip,msx1,reference_title,title listed for one platform only in a reference game list
Aleste 2 (1989) (Compile) (ROM Conversion) (v8.0) (Ricbit).zip,msx2,reference_title,title listed for one platform only in a reference game list
Aleste Gaiden (Japan).zip,msx2,reference_title,title listed for one platform only in a reference game list
Ancient Ys Vanished - Omen (Japan) (Alt).zip,msx2,manual,Ys I was released for MSX2 only
Ancient Ys Vanished - Omen (Japan).zip,msx2,manual,Ys I was released for MSX2 only
Balloon Buster (2022) (v1.0) (Hakogame) (Aftermarket).zip,msx1,reference_title,title listed for one platform only in a reference game list
Binary Battle (2024) (v1.1) (Haplo) (Aftermarket).zip,msx1,reference_title,title listed for one platform only in a reference game list
BitLogic (2015) (v1.0 - Final) (OXiAB Game Studio) (Aftermarket).zip,msx1,reference_title,title listed for one platform only in a reference game list
Caos Begins (2007) (Hikaru Games) (Aftermarket).zip,msx1,reference_title,title listed for one platform only in a reference game list
Caverns of Titan (2005) (v1.1) (JLTurSan) (Aftermarket).zip,msx1,reference_title,title listed for one platform only in a reference game list
"Cure, The (2005) (XL2S Entertainment) (Aftermarket).zip",msx1,web_reference,"MSX1 48 KiB cartridge, MSXdev'05 winner: https://www.generation-msx.nl/software/xl2s-entertainment/the-cure/3686/"
Deep Dungeon Adventure (World) (Aftermarket).zip,msx1,reference_title,title listed for one platform only in a reference game list
Dr. Hello (Korea) (1991) (Sis Co.) (Unl).zip,msx1,reference_title,title listed for one platform only in a reference game list
Droids en el Planeta Ingo (Spain).zip,msx1,reference_title,title listed for one platform only in a reference game list
Final Fantasy (Japan) (En) (v20221212) (FCC Translation).zip,msx2,reference_title,title listed for one platform only in a reference game list
Final Fantasy (Japan).zip,msx2,reference_title,title listed for one platform only in a reference game list
Find It! (2020) (v1.1) (Fabf) (Aftermarket).zip,msx1,reference_title,title listed for one platform only in a reference game list
Flappy Bird (2014) (Crunchworks) (Aftermarket).zip,msx1,reference_title,title listed for one platform only in a reference game list
Grazers (2024) (v1.1) (Snauts) (Aftermarket).zip,msx1,reference_title,title listed for one platform only in a reference game list
Kekkyoku Nankyoku Daibouken (Japan) (Joystick Patch) (v1.0) (gdx).zip,msx1,manual,Konami 1984 MSX1 cartridge (Antarctic Adventure)
Lilly's Saga - The Stones of Evergreen (v1.2) (2022) (MSXdev22) (Fabulous 8bit) (Aftermarket).zip,msx2,web_reference,"MSX2 platformer (MSX-Music), MSXdev22 winner: https://www.msxdev.org/2022/10/05/msxdev22-31-lillys-saga-the-stones-of-evergreen/"
Lotus F3 (2007) (dvik & joyrex) (Aftermarket).zip,msx1,reference_title,title listed for one platform only in a reference game list
Magical Bocco 20541 (2024) (meichnpp) (Aftermarket).zip,msx2,web_reference,RPG for MSX2: https://pigmhall.itch.io/mb2
Maiden's Extreme Fist 'BUN-GA-RUA' (2024) (v1.1.2) (Retromixis) (Aftermarket).zip,msx2,web_reference,"requires MSX2 with 64 KB RAM, MSXdev24: https://www.msxdev.org/2024/10/25/msxdev24-13-maidens-extreme-fist-bun-ga-rua/"
Malaika Prehistoric Quest (2006) (v1.0) (Karoshi Corp) (Aftermarket).zip,msx1,reference_title,title listed for one platform only in a reference game list
Malaika Prehistoric Quest (2006) (v1.1) (Karoshi Corp) (Aftermarket).zip,msx1,reference_title,title listed for one platform only in a reference game list
Malaika Prehistoric Quest (2006) (v1.2) (Karoshi Corp) (Aftermarket).zip,msx1,reference_title,title listed for one platform only in a reference game list
Malaika Prehistoric Quest (2006) (v1.3) (Karoshi Corp) (Aftermarket).zip,msx1,reference_title,title listed for one platform only in a reference game list
Minesweeper (2024) (v1.03) (Under4Mhz) (Aftermarket).zip,msx1,reference_title,title listed for one platform only in a reference game list
Monopoly (World).zip,msx1,reference_title,title listed for one platform only in a reference game list
My Sacred Place (2022) (Mario Cavalcanti) (Aftermarket).zip,msx1,reference_title,title listed for one platform only in a reference game list
Ninja Savior (2020) (v1.0) (Relevo) (Aftermarket).zip,msx1,reference_title,title listed for one platform only in a reference game list
Nuts & Milk (Japan).zip,msx1,reference_title,title listed for one platform only in a reference game list
Oh Shit! (World).zip,msx1,web_reference,1985 Aackosoft MSX cartridge (Pac-Man clone): https://en.wikipedia.org/wiki/Oh_Shit!
PAC-01 (2021) (ARC8) (Aftermarket).zip,msx1,reference_title,title listed for one platform only in a reference game list
Pentacorn Quest (2023) (v1.1) (Robosoft) (Aftermarket).zip,msx1,reference_title,title listed for one platform only in a reference game list
Pentagram (World) (Alt).zip,msx1,reference_title,title listed for one platform only in a reference game list
Pentagram (World).zip,msx1,reference_title,title listed for one platform only in a reference game list
Phenix Corrupta (2023) (v1.0) (512K) (MSXdev23) (Casper Croes) (Aftermarket).zip,msx2,web_reference,"for MSX2 and higher, MSXdev23: https://www.msx.org/forum/msx-talk/development/released-phenix-corrupta-for-msx2"
Pleasure Hearts (1999) (Rev. 9821) (M-Kai) (Aftermarket).zip,msx2,reference_title,title listed for one platform only in a reference game list
Pleasure Hearts (Japan) (En) (v1.01) (Yim) (Aftermarket).zip,msx2,reference_title,title listed for one platform only in a reference game list
Pleasure Hearts (Japan) (En) (v1.02) (Yim) (Aftermarket).zip,msx2,reference_title,title listed for one platform only in a reference game list
Pointless Fighting (2014) (Baka-Yo! Softcorp) (Aftermarket).zip,msx2,web_reference,requires MSX2 with 128K RAM and 128K VRAM (#msxdev 2014): https://www.msxgamesworld.com/software.php?id=4502
Poppie Land (2025) (meichnpp) (Aftermarket).zip,msx1,reference_title,title listed for one platform only in a reference game list
Pornoman (19xx) (Knight Software) (Aftermarket).zip,msx1,web_reference,MSX Games World lists generation MSX (disk): https://msxgamesworld.com/software.php?id=2712
Pretty Kingdom (2014) (Nerlaska Studio) (Aftermarket).zip,msx1,reference_title,title listed for one platform only in a reference game list
Princess Paloma's Rescue (2024) (v1.2) (InfiniteMSX) (Aftermarket).zip,msx2,reference_title,title listed for one platform only in a reference game list
Psycho World (Japan) (En) (v3.0) (Django & FRS).zip,msx2,reference_title,title listed for one platform only in a reference game list
Psycho World (Japan).zip,msx2,reference_title,title listed for one platform only in a reference game list
Put Up (World).zip,msx1,reference_title,title listed for one platform only in a reference game list
Relevo's Snowboarding (2020) (Relevo) (Aftermarket).zip,msx1,reference_title,title listed for one platform only in a reference game list
Rune Master II (Japan) (En) (v1.0) (Oasis) (Bug Fix) (v1.0) (232).zip,msx2,reference_title,title listed for one platform only in a reference game list
S.o.L.o. (2021) (v1.0) (En) (Roolandoo) (Aftermarket).zip,msx1,reference_title,title listed for one platform only in a reference game list
S.o.L.o. (2021) (v1.0) (Es) (Roolandoo) (Aftermarket).zip,msx1,reference_title,title listed for one platform only in a reference game list
SD Snatcher (Japan) (En) (Melancholia).zip,msx2,reference_title,title listed for one platform only in a reference game list
Silviana (Japan) (En) (v091213) (Jon Najar).zip,msx2,reference_title,title listed for one platform only in a reference game list
Snake and Rhino in the Sketchbook (2023) (v1.0) (ARC8) (Aftermarket).zip,msx1,web_reference,"MSX1 32 KiB, MSXdev23: https://www.msxdev.org/2023/10/16/msxdev23-26-snake-and-rhino-in-the-sketchbook/"
Step (2021) (v1.2) (ASCII16) (Uninteresting) (Aftermarket).zip,msx1,reference_title,title listed for one platform only in a reference game list
Sudoku (2006) (32K) (MSXdev06) (dvik & joyrex) (Aftermarket).zip,msx1,web_reference,"MSX 32 KiB ROM, MSXdev'06: https://www.msxdev.org/msxdev-archive/msxdev06/"
Super Cooks (Japan) (En) (v1.0) (Django Translations).zip,msx2,reference_title,title listed for one platform only in a reference game list
Super Cooks (Japan).zip,msx2,reference_title,title listed for one platform only in a reference game list
Super Mario World (2016) (Noramos) (Proto) (Aftermarket).zip,msx1,reference_title,title listed for one platform only in a reference game list
Tales of Popolon (2017) (En) (Brain Games) (Aftermarket).zip,msx1,reference_title,title listed for one platform only in a reference game list
Tales of Popolon (2017) (Es) (Brain Games) (Aftermarket).zip,msx1,reference_title,title listed for one platform only in a reference game list
"Teodoro no sabe volar (2012) (En) (Retroworks, Dimension Z) (Aftermarket).zip",msx1,web_reference,"MSX1 32 KiB ROM, MSXdev'12: https://www.msx.org/news/en/msxdev12-teodoro-no-sabe-volar-announced"
"Teodoro no sabe volar (2012) (Es) (Retroworks, Dimension Z) (Aftermarket).zip",msx1,web_reference,"MSX1 32 KiB ROM, MSXdev'12: https://www.msx.org/news/en/msxdev12-teodoro-no-sabe-volar-announced"
Traffic Jam (2006) (Imanok) (Aftermarket).zip,msx1,reference_title,title listed for one platform only in a reference game list
Transball (2016) (En) (v1.3.2) (Braingames) (Aftermarket).zip,msx1,reference_title,title listed for one platform only in a reference game list
Transball (2016) (Es) (v1.3.2) (Braingames) (Aftermarket).zip,msx1,reference_title,title listed for one platform only in a reference game list
Where Is It - The Quest for the 10th Island (2021) (v1.0) (Ricco59) (Aftermarket).zip,msx1,web_reference,"ColecoVision port, 32 KiB ROM, MSXdev21: https://www.msxdev.org/2021/05/05/msxdev21-11-where-is-it-the-quest-for-the-10th-island/"
Who Dares Wins (2016) (RetroForce) (Aftermarket).zip,msx2,web_reference,Retroforce 2016 remake for MSX2/MSX2+/turbo R: https://www.generation-msx.nl/software/retroforce/who-dares-wins-remake/5437/
Wicket el Ewok (Spain).zip,msx1,web_reference,1987 Spanish MSX cartridge (MSX Games World): http://www.msxgamesworld.com/gamecard.php?id=3246
"Wing Warriors (2015) (EGS, Kitmaker) (Aftermarket).zip",msx1,reference_title,title listed for one platform only in a reference game list
XRacing (2018) (v1.0.5) (Brain Games) (Aftermarket).zip,msx1,reference_title,title listed for one platform only in a reference game list
XSpelunker (2017) (v1.4.3) (32K) (Brain Games) (Aftermarket).zip,msx1,reference_title,title listed for one platform only in a reference game list
